mouseID,treatment,genotype,sex,age,channelNames
CC11A,CC,C57B6/J,f,120,wfa;pv
CC11B,CC,C57B6/J,f,120,wfa;pv
CC11C,CC,C57B6/J,f,120,wfa;pv
CC11D,CC,C57B6/J,f,120,wfa;pv
CC12A,CC,C57B6/J,m,120,wfa;pv
CC12B,CC,C57B6/J,m,120,wfa;pv
CC12C,CC,C57B6/J,m,120,wfa;pv
CC12D,CC,C57B6/J,m,120,wfa;pv
HF14A,HFD,C57B6/J,f,120,wfa;pv
HF14B,HFD,C57B6/J,f,120,wfa;pv
HF14C,HFD,C57B6/J,f,120,wfa;pv
HF14D,HFD,C57B6/J,f,120,wfa;pv
HF15A,HFD,C57B6/J,f,120,wfa;pv
HF15B,HFD,C57B6/J,f,120,wfa;pv
HF15C,HFD,C57B6/J,f,120,wfa;pv
HF15D,HFD,C57B6/J,f,120,wfa;pv

